channel,scriber,view,date
프레이,520000,246771,2020년 7월 13일
프레이,520000,296836,2020년 7월 11일
프레이,520000,435537,2020년 7월 9일
프레이,520000,206878,2020년 7월 8일
프레이,520000,205653,2020년 7월 7일
프레이,520000,312547,2020년 7월 6일
프레이,520000,353415,2020년 7월 5일
프레이,520000,210250,2020년 7월 3일
프레이,520000,397162,2020년 7월 2일
프레이,520000,242392,2020년 7월 1일
블러드문,70000,87235,2020년 6월 30일
블러드문,70000,80437,2020년 6월 28일
블러드문,70000,151560,2020년 6월 27일
블러드문,70000,113692,2020년 6월 24일
블러드문,70000,230641,2020년 6월 20일
블러드문,70000,97310,2020년 6월 6일
블러드문,70000,151611,2020년 6월 8일
블러드문,70000,160556,2020년 6월 11일
블러드문,70000,321175,2020년 6월 13일
블러드문,70000,135234,2020년 6월 17일
텔론,950000,637430,2020년 7월 17일
텔론,950000,750732,2020년 7월 15일
텔론,950000,842801,2020년 7월 12일
텔론,950000,772590,2020년 7월 10일
텔론,950000,655040,2020년 7월 8일
텔론,950000,891674,2020년 7월 6일
텔론,950000,811032,2020년 7월 3일
텔론,950000,843012,2020년 7월 1일
텔론,950000,916284,2020년 6월 29일
텔론,950000,1007864,2020년 6월 27일
가재맨,84000,47167,2020년 7월 22일
가재맨,84000,89903,2020년 7월 21일
가재맨,84000,87950,2020년 7월 16일
가재맨,84000,71191,2020년 7월 15일
가재맨,84000,78719,2020년 7월 13일
가재맨,84000,80434,2020년 7월 11일
가재맨,84000,86320,2020년 7월 9일
가재맨,84000,95971,2020년 7월 7일
가재맨,84000,139543,2020년 7월 5일
가재맨,84000,74998,2020년 7월 3일
괴물쥐,630000,766541,2020년 7월 18일
괴물쥐,630000,709682,2020년 7월 17일
괴물쥐,630000,707796,2020년 7월 16일
괴물쥐,630000,790524,2020년 7월 15일
괴물쥐,630000,600842,2020년 7월 14일
괴물쥐,630000,686185,2020년 7월 13일
괴물쥐,630000,471115,2020년 7월 13일
괴물쥐,630000,891686,2020년 7월 12일
괴물쥐,630000,837498,2020년 7월 10일
괴물쥐,630000,766290,2020년 7월 9일
이석현,455000,2851,2020년 7월 23일
이석현,455000,90782,2020년 7월 22일
이석현,455000,110739,2020년 7월 21일
이석현,455000,126990,2020년 7월 20일
이석현,455000,54366,2020년 7월 19일
이석현,455000,104619,2020년 7월 18일
이석현,455000,130577,2020년 7월 17일
이석현,455000,119283,2020년 7월 16일
이석현,455000,132430,2020년 7월 15일
이석현,455000,120987,2020년 7월 14일
페이커,1070000,99530,2020년 7월 23일
페이커,1070000,681305,2020년 7월 21일
페이커,1070000,667865,2020년 7월 16일
페이커,1070000,572434,2020년 7월 12일
페이커,1070000,1040768,2020년 7월 9일
페이커,1070000,602350,2020년 7월 6일
페이커,1070000,656865,2020년 7월 4일
페이커,1070000,750747,2020년 6월 30일
페이커,1070000,770053,2020년 6월 29일
페이커,1070000,613208,2020년 6월 24일
성시훈,350000,35761,2020년 7월 22일
성시훈,350000,28206,2020년 7월 21일
성시훈,350000,45593,2020년 7월 20일
성시훈,350000,17566,2020년 7월 17일
성시훈,350000,24205,2020년 7월 16일
성시훈,350000,12358,2020년 7월 15일
성시훈,350000,5898,2020년 7월 14일
성시훈,350000,92180,2020년 7월 12일
성시훈,350000,53883,2020년 7월 11일
성시훈,350000,17607,2020년 7월 10일
엔마유튜버,188000,59721,2020년 7월 22일
엔마유튜버,188000,71181,2020년 7월 20일
엔마유튜버,188000,98170,2020년 7월 18일
엔마유튜버,188000,145643,2020년 7월 16일
엔마유튜버,188000,188008,2020년 7월 14일
엔마유튜버,188000,219325,2020년 7월 11일
엔마유튜버,188000,114827,2020년 7월 10일
엔마유튜버,188000,144037,2020년 7월 7일
엔마유튜버,188000,106849,2020년 7월 7일
엔마유튜버,188000,110030,2020년 7월 6일
김재원,1620000,55523,2020년 7월 23일
김재원,1620000,326049,2020년 7월 22일
김재원,1620000,368978,2020년 7월 21일
김재원,1620000,308942,2020년 7월 20일
김재원,1620000,665009,2020년 7월 19일
김재원,1620000,498713,2020년 7월 14일
김재원,1620000,966595,2020년 7월 15일
김재원,1620000,1031592,2020년 7월 16일
김재원,1620000,671371,2020년 7월 17일
김재원,1620000,611597,2020년 7월 18일
저라뎃,514000,1845,2020년 7월 23일
저라뎃,514000,140141,2020년 7월 22일
저라뎃,514000,128674,2020년 7월 22일
저라뎃,514000,99078,2020년 7월 21일
저라뎃,514000,200599,2020년 7월 21일
저라뎃,514000,191470,2020년 7월 21일
저라뎃,514000,169632,2020년 7월 20일
저라뎃,514000,160473,2020년 7월 20일
저라뎃,514000,120503,2020년 7월 19일
저라뎃,514000,147727,2020년 7월 19일
김레인,380000,65693,2020년 7월 22일
김레인,380000,54807,2020년 7월 21일
김레인,380000,86511,2020년 7월 20일
김레인,380000,100154,2020년 7월 18일
김레인,380000,99208,2020년 7월 17일
김레인,380000,115330,2020년 7월 16일
김레인,380000,162748,2020년 7월 15일
김레인,380000,125223,2020년 7월 13일
김레인,380000,149146,2020년 7월 11일
김레인,380000,88065,2020년 7월 8일
꿀탱탱,406000,4606,2020년 7월 23일
꿀탱탱,406000,118015,2020년 7월 22일
꿀탱탱,406000,121689,2020년 7월 21일
꿀탱탱,406000,76876,2020년 7월 21일
꿀탱탱,406000,169949,2020년 7월 20일
꿀탱탱,406000,115723,2020년 7월 20일
꿀탱탱,406000,138998,2020년 7월 19일
꿀탱탱,406000,187709,2020년 7월 18일
꿀탱탱,406000,110741,2020년 7월 17일
꿀탱탱,406000,158085,2020년 7월 16일
압둘알리과로사,773000,210464,2020년 7월 23일
압둘알리과로사,773000,129224,2020년 7월 21일
압둘알리과로사,773000,295585,2020년 7월 19일
압둘알리과로사,773000,180947,2020년 7월 17일
압둘알리과로사,773000,698085,2020년 7월 15일
압둘알리과로사,773000,288008,2020년 7월 13일
압둘알리과로사,773000,114934,2020년 7월 6일
압둘알리과로사,773000,188606,2020년 7월 5일
압둘알리과로사,773000,161348,2020년 7월 4일
압둘알리과로사,773000,221317,2020년 7월 2일
똘킹,538000,68846,2020년 7월 22일
똘킹,538000,162306,2020년 7월 20일
똘킹,538000,167480,2020년 7월 17일
똘킹,538000,153096,2020년 7월 15일
똘킹,538000,188625,2020년 7월 13일
똘킹,538000,164199,2020년 7월 10일
똘킹,538000,187422,2020년 7월 7일
똘킹,538000,63326,2020년 7월 5일
똘킹,538000,154614,2020년 7월 1일
똘킹,538000,20349,2020년 6월 30일
MadLife TV,333000,18848,2020년 7월 23일
MadLife TV,333000,41895,2020년 7월 22일
MadLife TV,333000,39428,2020년 7월 21일
MadLife TV,333000,53701,2020년 7월 20일
MadLife TV,333000,55530,2020년 7월 19일
MadLife TV,333000,44585,2020년 7월 18일
MadLife TV,333000,52316,2020년 7월 17일
MadLife TV,333000,67641,2020년 7월 16일
MadLife TV,333000,45042,2020년 7월 15일
MadLife TV,333000,65175,2020년 7월 14일
앰비션 유튜브 [AMTUBE],344000,172046,2020년 7월 23일
앰비션 유튜브 [AMTUBE],344000,225896,2020년 7월 22일
앰비션 유튜브 [AMTUBE],344000,381627,2020년 7월 20일
앰비션 유튜브 [AMTUBE],344000,192115,2020년 7월 20일
앰비션 유튜브 [AMTUBE],344000,177321,2020년 7월 19일
앰비션 유튜브 [AMTUBE],344000,164938,2020년 7월 17일
앰비션 유튜브 [AMTUBE],344000,142717,2020년 7월 16일
앰비션 유튜브 [AMTUBE],344000,127797,2020년 7월 15일
앰비션 유튜브 [AMTUBE],344000,189697,2020년 7월 14일
앰비션 유튜브 [AMTUBE],344000,609344,2020년 7월 13일
해물파전TV,395000,537,2020년 7월 23일
해물파전TV,395000,42868,2020년 7월 21일
해물파전TV,395000,42031,2020년 7월 18일
해물파전TV,395000,40026,2020년 7월 16일
해물파전TV,395000,34139,2020년 7월 15일
해물파전TV,395000,41183,2020년 7월 14일
해물파전TV,395000,39542,2020년 7월 12일
해물파전TV,395000,39445,2020년 7월 11일
해물파전TV,395000,46918,2020년 7월 10일
해물파전TV,395000,51835,2020년 7월 7일
스간TV,212000,53787,2020년 7월 22일
스간TV,212000,78638,2020년 7월 21일
스간TV,212000,54329,2020년 7월 20일
스간TV,212000,80222,2020년 7월 19일
스간TV,212000,71060,2020년 7월 18일
스간TV,212000,68146,2020년 7월 17일
스간TV,212000,65639,2020년 7월 16일
스간TV,212000,45935,2020년 7월 15일
스간TV,212000,72029,2020년 7월 14일
스간TV,212000,63380,2020년 7월 13일
나라카일,255000,39745,2020년 7월 21일
나라카일,255000,13420,2020년 7월 20일
나라카일,255000,39223,2020년 7월 19일
나라카일,255000,26267,2020년 7월 18일
나라카일,255000,44372,2020년 7월 16일
나라카일,255000,59887,2020년 7월 14일
나라카일,255000,43821,2020년 7월 12일
나라카일,255000,39099,2020년 7월 10일
나라카일,255000,57315,2020년 7월 9일
나라카일,255000,129702,2020년 7월 6일
울부짖는마오카이,25500,10170,2020년 7월 23일
울부짖는마오카이,25500,25302,2020년 7월 22일
울부짖는마오카이,25500,21422,2020년 7월 21일
울부짖는마오카이,25500,25475,2020년 7월 20일
울부짖는마오카이,25500,16583,2020년 7월 19일
울부짖는마오카이,25500,23959,2020년 7월 18일
울부짖는마오카이,25500,16882,2020년 7월 17일
울부짖는마오카이,25500,20872,2020년 7월 16일
울부짖는마오카이,25500,19770,2020년 7월 15일
울부짖는마오카이,25500,27269,2020년 7월 14일
땅우양구독자,133000,1876,2020년 7월 23일
땅우양구독자,133000,50444,2020년 7월 22일
땅우양구독자,133000,107340,2020년 7월 21일
땅우양구독자,133000,137082,2020년 7월 20일
땅우양구독자,133000,50055,2020년 7월 19일
땅우양구독자,133000,63337,2020년 7월 19일
땅우양구독자,133000,9798,2020년 7월 18일
땅우양구독자,133000,69219,2020년 7월 18일
땅우양구독자,133000,87648,2020년 7월 17일
땅우양구독자,133000,66419,2020년 7월 16일
